,Brazil,Ethiopia,Gambia,Mali,Mauritania,Senegal,Sudan,Uganda
Brazil,,0.42574241671,0.478099690661,0.479697802827,0.50911805387,0.749077319209,0.50911805387,0.649158425384
Ethiopia,1.54770412208,,1.10873407733,1.04043170135,1.18968860019,1.20761334618,3.10587073804,2.83883030813
Gambia,2.51173087657,1.94606776145,,2.71322822257,4.10406056142,3.64584779542,2.26089232861,2.54545428512
Mali,2.24865649832,1.54561711047,3.06132588938,,3.31839592222,6.01437730487,1.86974128561,1.91719722504
Mauritania,2.58728973008,1.98511015784,2.6127434877,2.21537627132,,3.61249209786,2.313464361,2.52985996924
Senegal,0.684426060793,0.503751715063,9.64025277463,12.1117572382,3.89889939073,,0.726269145115,0.807271741975
Sudan,2.31594332404,3.4748600217,1.57352800098,1.71730987005,1.92022745085,2.02449482532,,3.499999685
Uganda,1.61220451249,5.71802279368,1.57773036735,1.58263833785,1.78955276772,1.64838130347,5.08702617404,
