,Human,Monkey,Mosquito,Unknown
Human,,1.59418056373,15.3374060712,1.075348558
Monkey,5.9267997068,,3.47388836971,8.1662522705
Mosquito,8.05379432175,5.74975644081,,0.782148164847
Unknown,4.26978963151,2.77071021657,2.91560381561,
