,Human,Monkey,Mosquito
Human,,0.16294997101,0.774069362003
Monkey,0.135044097459,,1.07261228374
Mosquito,1.77172966346,0.646042578429,
