,Human,Monkey,Mosquito,Unknown
Human,,-0.106278704249,-1.02249373808,-0.0716899038664
Monkey,-0.395119980453,,-0.23159255798,-0.544416818033
Mosquito,-0.53691962145,-0.383317096054,,-0.0521432109898
Unknown,-0.284652642101,-0.184714014438,-0.194373587707,
