,Brazil,Ethiopia,Gambia,Mali,Mauritania,Senegal,Sudan,Uganda
Brazil,,0.0131145848318,0.0158696479525,0.0145451686104,0.0165403950831,0.0297161016178,0.0180482894073,0.0237949471147
Ethiopia,0.0978365732942,,0.0757153320571,0.0695827780692,0.0822397197621,0.0899035224851,0.213726541938,0.179629017078
Gambia,0.284473953895,0.229415835093,,0.38939821646,0.547081921525,0.518403809188,0.294850402896,0.32312196894
Mali,0.235566782176,0.176384180087,0.415315457456,,0.421220318697,0.753043610564,0.234258300392,0.226382239958
Mauritania,0.259340764307,0.23665169532,0.355034442385,0.299785721506,,0.472464985952,0.29006443972,0.301301134007
Senegal,0.0356876989466,0.028510528783,0.411501175546,0.457906895595,0.240826142811,,0.0439176824695,0.052401743299
Sudan,0.211575647838,0.349772906741,0.168527270708,0.18202617598,0.209878463251,0.231227228658,,0.336511272577
Uganda,0.153680040605,0.469573508597,0.177274216142,0.185414322581,0.204127629025,0.190477540323,0.447941967816,
