,Brazil,Ethiopia,Gambia,Mali,Mauritania,Senegal,Sudan,Uganda
Brazil,,-0.00675781613825,-0.00758888397874,-0.00761425083853,-0.00808123895032,-0.0118901161779,-0.00808123895032,-0.0103041019902
Ethiopia,-0.0245667320966,,-0.0175989536085,-0.0165147889102,-0.0188839460348,-0.0191684658124,-0.0492995355244,-0.0450607985417
Gambia,-0.0398687440726,-0.0308899644675,,-0.043067114644,-0.0651438184352,-0.0578705999273,-0.0358871798191,-0.0404040362718
Mali,-0.0356929602908,-0.0245336049281,-0.0485924744347,,-0.0526729511463,-0.0954663064265,-0.029678433105,-0.0304317019848
Mauritania,-0.0410680909536,-0.031509685045,-0.0414721188524,-0.0351647027193,,-0.0573411444105,-0.0367216565239,-0.0401565074482
Senegal,-0.0108639057269,-0.00799605896925,-0.153019885312,-0.192250114891,-0.0618872919164,,-0.0115280816685,-0.0128138371742
Sudan,-0.0367610051434,-0.055156508281,-0.0249766349361,-0.0272588868263,-0.0304798008071,-0.0321348384972,,-0.0555555505556
Uganda,-0.0255905478174,-0.0907622665663,-0.0250433391642,-0.0251212434579,-0.0284055994876,-0.0261647825948,-0.080746447207,
