,Human,Monkey,Mosquito,Unknown
Human,,0.131037316676,0.772722141904,0.0642116284878
Monkey,1.24419815307,,0.876256533384,0.778147493619
Mosquito,0.555319778106,0.199143860019,,0.0374474825488
Unknown,0.746590412004,0.519096644593,0.548776180588,
