,Human,Monkey,Mosquito
Human,,0.993229510121,30.8124892334
Monkey,87.3616222726,,0.990033133188
Mosquito,99999998.0526,661.153496982,
