,East_Africa,South_America,West_Africa
East_Africa,,0.256401942146,0.380547134744
South_America,0.537444567037,,0.342284723983
West_Africa,0.816270341647,1.87058321855,
