,East_Africa,South_America,West_Africa
East_Africa,,1.63060064617,2.21334207294
South_America,3.36284287052,,6.41964513139
West_Africa,13.6618993494,99999998.0526,
