,Human,Monkey,Mosquito,Unknown
Human,,0.623211204418,0.169252757763,0.606016436493
Monkey,0.752034408586,,0.114644426368,0.212510085916
Mosquito,1.58427010662,0.72012384444,,1.00884017459
Unknown,1.15355354596,0.168047104754,1.09396482591,
