,Human,Monkey,Mosquito,Unknown
Human,,4.07308824849,1.32054302955,4.17948683585
Monkey,8.53212431933,,1.11643622929,1.75705047775
Mosquito,5996.7600096,201.877768947,,8.35441925406
Unknown,149999997.079,3.67408201673,149999997.079,
