,East_Africa,South_America,West_Africa
East_Africa,,1.620845595,2.34175822365
South_America,3.51072593131,,7.06442132145
West_Africa,12.9412997953,27990.1621946,
