,East_Africa,South_America,West_Africa
East_Africa,,0.259024506959,0.377613045001
South_America,0.354534400924,,0.56158809838
West_Africa,0.802785400764,1.85470271125,
